{
  "apps": [
    {
      "name": "my-whatsapp",
      "script": "src/index.js",
      "args": "",
      "instances": 1,
      "exec_mode": "cluster",
      "watch": false,
      "increment_var": "PORT",
      "error_file": "logs/msr_err.log",
      "out_file": "logs/msr.log",
      "pid_file": "pids/msr.pid",
      "no-autorestart": true,
      "log_date_format": "YYYY-MM-DD HH:mm Z",
      "max_memory_restart": "8G",
      "env": {
        "PORT": 5000,
        "NODE_ENV": "development"
      },
      "env_production": {
        "NODE_ENV": "production",
        "PORT": 5000
      },
      "env_test": {
        "NODE_ENV": "test",
        "PORT": 5000
      }
    }
  ]
}
